data;taxa_desemprego;rendimento_medio_real
2012-03-01;8.0;3077.00
2012-04-01;7.8;3090.00
2012-05-01;7.7;3081.00
2012-06-01;7.6;3088.00
2012-07-01;7.5;3103.00
2012-08-01;7.3;3113.00
2012-09-01;7.1;3104.00
2012-10-01;6.9;3099.00
2012-11-01;6.8;3097.00
2012-12-01;6.9;3091.00
2013-01-01;7.2;3105.00
2013-02-01;7.8;3124.00
2013-03-01;8.0;3147.00
2013-04-01;7.9;3154.00
2013-05-01;7.6;3157.00
2013-06-01;7.5;3182.00
2013-07-01;7.4;3204.00
2013-08-01;7.2;3224.00
2013-09-01;7.0;3226.00
2013-10-01;6.8;3236.00
2013-11-01;6.5;3223.00
2013-12-01;6.2;3199.00
2014-01-01;6.5;3196.00
2014-02-01;6.8;3226.00
2014-03-01;7.2;3265.00
2014-04-01;7.2;3262.00
2014-05-01;7.0;3258.00
2014-06-01;6.9;3240.00
2014-07-01;7.0;3233.00
2014-08-01;7.0;3254.00
2014-09-01;6.8;3264.00
2014-10-01;6.7;3278.00
2014-11-01;6.6;3257.00
2014-12-01;6.6;3259.00
2015-01-01;6.9;3264.00
2015-02-01;7.5;3257.00
2015-03-01;8.0;3258.00
2015-04-01;8.1;3247.00
2015-05-01;8.2;3233.00
2015-06-01;8.4;3240.00
2015-07-01;8.6;3220.00
2015-08-01;8.8;3203.00
2015-09-01;9.0;3199.00
2015-10-01;9.1;3184.00
2015-11-01;9.1;3167.00
2015-12-01;9.1;3156.00
2016-01-01;9.6;3169.00
2016-02-01;10.3;3150.00
2016-03-01;11.0;3160.00
2016-04-01;11.3;3145.00
2016-05-01;11.3;3155.00
2016-06-01;11.4;3122.00
2016-07-01;11.7;3125.00
2016-08-01;11.9;3152.00
2016-09-01;11.9;3149.00
2016-10-01;11.9;3154.00
2016-11-01;12.0;3158.00
2016-12-01;12.1;3170.00
2017-01-01;12.7;3184.00
2017-02-01;13.3;3196.00
2017-03-01;13.9;3210.00
2017-04-01;13.7;3190.00
2017-05-01;13.4;3179.00
2017-06-01;13.1;3172.00
2017-07-01;12.9;3172.00
2017-08-01;12.7;3169.00
2017-09-01;12.5;3182.00
2017-10-01;12.3;3190.00
2017-11-01;12.1;3202.00
2017-12-01;11.9;3198.00
2018-01-01;12.3;3214.00
2018-02-01;12.7;3223.00
2018-03-01;13.2;3231.00
2018-04-01;13.0;3237.00
2018-05-01;12.8;3242.00
2018-06-01;12.6;3231.00
2018-07-01;12.4;3223.00
2018-08-01;12.2;3236.00
2018-09-01;12.0;3226.00
2018-10-01;11.8;3226.00
2018-11-01;11.7;3225.00
2018-12-01;11.7;3242.00
2019-01-01;12.2;3263.00
2019-02-01;12.5;3276.00
2019-03-01;12.8;3263.00
2019-04-01;12.6;3246.00
2019-05-01;12.4;3221.00
2019-06-01;12.1;3218.00
2019-07-01;11.9;3209.00
2019-08-01;11.9;3222.00
2019-09-01;11.9;3225.00
2019-10-01;11.7;3246.00
2019-11-01;11.3;3259.00
2019-12-01;11.1;3248.00
2020-01-01;11.3;3259.00
2020-02-01;11.7;3267.00
2020-03-01;12.4;3294.00
2020-04-01;12.7;3334.00
2020-05-01;13.1;3392.00
2020-06-01;13.6;3444.00
2020-07-01;14.1;3484.00
2020-08-01;14.8;3481.00
2020-09-01;14.9;3484.00
2020-10-01;14.6;3433.00
2020-11-01;14.3;3398.00
2020-12-01;14.2;3349.00
2021-01-01;14.4;3332.00
2021-02-01;14.6;3298.00
2021-03-01;14.9;3310.00
2021-04-01;14.8;3270.00
2021-05-01;14.7;3260.00
2021-06-01;14.2;3207.00
2021-07-01;13.7;3185.00
2021-08-01;13.2;3139.00
2021-09-01;12.7;3083.00
2021-10-01;12.1;3040.00
2021-11-01;11.6;3004.00
2021-12-01;11.1;2980.00
2022-01-01;11.2;3010.00
2022-02-01;11.2;3018.00
2022-03-01;11.1;3034.00
2022-04-01;10.5;3023.00
2022-05-01;9.8;3033.00
2022-06-01;9.3;3052.00
2022-07-01;9.1;3087.00
2022-08-01;8.9;3117.00
2022-09-01;8.7;3159.00
2022-10-01;8.3;3183.00
2022-11-01;8.1;3215.00
2022-12-01;7.9;3222.00
2023-01-01;8.4;3236.00
2023-02-01;8.6;3237.00
2023-03-01;8.8;3246.00
2023-04-01;8.5;3231.00
2023-05-01;8.3;3227.00
2023-06-01;8.0;3240.00
2023-07-01;7.9;3259.00
2023-08-01;7.8;3267.00
2023-09-01;7.7;3299.00
2023-10-01;7.6;3310.00
2023-11-01;7.5;3338.00
2023-12-01;7.4;3323.00
2024-01-01;7.6;3359.00
2024-02-01;7.8;3374.00
2024-03-01;7.9;3369.00
2024-04-01;7.5;3380.00
2024-05-01;7.1;3397.00
2024-06-01;6.9;3419.00
2024-07-01;6.8;3403.00
2024-08-01;6.6;3422.00
2024-09-01;6.4;3412.00
2024-10-01;6.2;3426.00
2024-11-01;6.1;3440.00
2024-12-01;6.2;3457.00
2025-01-01;6.5;3478.00
2025-02-01;6.8;3495.00
2025-03-01;7.0;3507.00
2025-04-01;6.6;3490.00
2025-05-01;6.2;3502.00
2025-06-01;5.8;3530.00
2025-07-01;5.6;3533.00
2025-08-01;5.6;3535.00
2025-09-01;5.6;3549.00
2025-10-01;5.4;3563.00
2025-11-01;5.2;3602.00
2025-12-01;5.1;3633.00
2026-01-01;5.4;3663.00
2026-02-01;5.8;3668.00
2026-03-01;6.1;3689.00
2026-04-01;5.8;3666.00
2026-05-01;5.6;3637.00
2026-06-01;5.4;3630.00
2026-07-01;5.3;3643.00
2026-08-01;5.3;3660.00
